word,sample_category,subreddit,stance_score,stance_group,clean_text,human_label,reason_or_note,comment_id
solar,high,energy,0.9399685263633728,high,"360% growth gets 2000TW by 2033 for electrolysis. 197tw of solar at 85% growth. Those numbers are just capacity additions per year. 2040 total energy demand of 205qwh can be met just by 2033 solar additions, at below 4 sun hours/day. Growth rates are usually technically sustainable, because everyone who helped expand a category last year has 1 more year of experience to be promoted to keep the expansion rate.",,,kvq4p6n
solar,high,Futurology,0.8327813148498535,high,Global electricity demand is growing by single digits annually. Solar is grew 58% last year.,,,key85ya
solar,high,energy,0.9992735385894775,high,"I referenced that post to point out the difficulties in ramping up of solar production. That is not misinformation, that’s reality. I’m all for solar, don’t presume I’m not. Remember the main reason we are going to solar, to reduce emissions drastically so we don’t see the worst effects of c02 driven climate change. We are already seeing those effects though and it’s only going to get worse. So back to my main point, we need to transition quickly and that is not easy. Even then fossil fuels will still play a role in producing renewables in the first place, think about how the components are made, the machines used to make them, the plastic used, the energy. All needs oil, these solar panels don’t materialise out of thin air and will take massive amounts of fossil fuels to get to the end state we want. I guess my point is it needs much more investment, regulation and a drive to get there to make a a meaningful difference as soon as possible. Wishful thinking is not going to do it.",,,ncfodp2
solar,high,Futurology,0.8618873357772827,high,"What's the cost? Energy storage (and the excess capacity to feed into it) has a cost. Ditto nuclear has a cost. One likely is cheaper than the other. Some of that is going to be situationally dependent. Hydro, wind and solar will all behave differently. Energy usage patterns will also vary by region, and as tech evolves.",,,o0upccl
solar,high,energy,0.9624267220497131,high,"Utilities already require prediction of variable loads and a variety of power resources that can change with clouds and weather. Longterm predictions Utilities construction projects power contracts requires planning for conditions decades in the future. Power resource markets, dispatch and management can be weeks, day ahead, or real time changing conditions to avoid costly and 3ven dangerous mistakes. UC San Diego has best program for real world research development renewable and microgrids. Ten years ago thy had sky cameras and other weather data predicted solar output hours ahead for effective action to avoid power disruption.",,,khw5rwt
solar,high,Futurology,0.9473079442977905,high,"And then there is the 20 year life span of solar panels, and who will pay for the massive recycling process.",,,l9dqk1j
solar,high,climate,0.9158512353897095,high,People arguing against solar leave out the fact that with petroleum you destroy your product to use it.,,,o2zqczs
solar,high,Futurology,0.9968702793121338,high,"> What solutions? I think the other user is getting at the hidden parts of the overall EV manufacturing and use cycle. How so? It still takes a lot of energy and raw materials to make an EV. So that still means mining/resource extraction, as well as the carbon footprint of that mining activity and the manufacturing process itself. To reduce the total environmental footprint, EV's must (eventually) run on sustainably produced electricity. Sources would be things like solar, hydro, wind, geothermal and (hopefully) fusion. The manufacturing footprint gets reduced by increasing the level of recyclable content in the vehicles... and also making sure they get recycled once they're no longer in service. tldr; A truly green EV would be made from at least 95% recycled materials and run on electricity from renewable sources.",,,l0xkiy2
solar,high,energy,0.9957930445671082,high,"It matters if solar is used talking about ''green'' side of it. It matters much less if it is about getting electricity cheaply and securing better energy dependence. And yes, today you will mostly rely on China, but a solar panel bought today will still work at good capacity in 20 years and by that time you can set up production at home too if you want. Or if in 20 years China decides due to some politics not to sell you new panels it can still work at decent capacity until it is 26-27 years old probably and you probably can buy used ones from other countries if China becomes so powerful to embargo new ones from being sold to you",,,ol95qb7
solar,high,Futurology,0.9896718263626099,high,"Solar isn't meant to be a cure-all for energy needs. This being said, the more we utilize solar, wind, etc, the less GHGs we emit, mitigating further damage to the planet's atmosphere and environment as a whole.",,,muz0tkc
solar,not_high,climate,0.047425877302885056,low,"yeah, and its kinda tough when you talk to well educated, intelligent friends who tell you that 'climate changes' [ aka is not caused by humans ] as it has done over aeons, and that the current climate science 'is all political'. I dont think its about facts, I think they have the facts .. and Im not sure how to solve the psychology to fix public opinion. The only glimmer of hope I see is that people will move to new tech like rooftop solar only when it saves them money. Or, maybe like Covid, people only take it seriously when people who look like them, and live in the same city die unexpectedly because of it. The only way to get past this inertia of inaction, is to be faced with terror .. if they really heard the science, they would be feeling terror right now .. but most people dont work like this .. they want cheaper gas at the pump so getting to work is cheaper. I cant even.",,,kaib59y
solar,not_high,climatechange,0.29665425419807434,low,"That’s a great question, and it’s smart of you to want to check what you’re being told instead of just accepting it. Here’s a clear way to think about it: 1. Yes, it is true that the Earth’s climate has always been changing, but scientists already take that into account. Technically, it is true that Earth has gone through ice ages and warm periods long before humans existed. Those changes happened because of natural factors in God's design, like: Shifts in Earth’s orbit and tilt (Milankovitch cycles) Changes in solar activity Volcanic eruptions Plate tectonics affecting ocean currents So yes— it is true that climate has naturally changed over time. 2. But the current warming is different. What’s happening now isn’t following those slow, natural cycles that God originally created. The big differences are: Speed: Past natural changes took thousands to millions of years. The warming since the Industrial Revolution (about 150 years) is happening extremely fast. Cause: Scientists can measure the exact gases in the atmosphere. Carbon dioxide (CO₂) and methane (CH₄) have risen sharply since humans started burning coal, oil, and gas. These gases trap heat—this is basic physics, not opinion. 3. How much is caused by humans? The overwhelming scientific consensus is: More than 100% of the warming since 1850 is human-caused. I know that sounds weird. How can it be more than 100%. But here’s why: natural factors (like solar cycles and volcanoes) would have led to a slight cooling in recent decades. The fact that we are warming instead means that human activity (burning fossil fuels, deforestation, industrial pollution) has more than outweighed those natural effects. For example: NASA, NOAA, the IPCC, and over 97% of climate scientists agree that the recent warming trend is driven mainly by humans. Without human greenhouse gas emissions, the Earth would probably be slightly cooler right now. 4. Why do some textbooks downplay this? Certain Christian or conservative curriculum providers (like BJU Press, A Beka, etc.) often frame climate change as mostly natural, partly because they want to align science with a particular worldview that emphasizes God’s control over creation and skepticism toward secular science. But the actual data collected by satellites, ice cores, tree rings, and direct measurements strongly shows the fingerprints of human activity. So the short answer is: Yes, Earth’s climate has changed naturally in the past. But the rapid warming of the past 150 years is overwhelmingly caused by humans. The best evidence shows that almost all of today’s warming is human-driven, NOT by the natural cycles designed or initiated by God. Unfortunately, we are going to suffer the consequences of how we conduct our lives if we don't make some changes in favor of nature.",,,ngrljea
solar,not_high,Futurology,0.5650587677955627,middle,"Things like large battery storage farms are viable but even those can run low if your renewable sources have a week or two of low output. Nuclear will just tick along rain or shine, gusty winds or dead calm. And there are regions where solar doesn't do as well at times, like northern latitudes in the winter, or that winds aren't always consistent. Hydro power depends heavily on available rivers and geography. Yes nuclear is not cheap and comes with risks and environmental clean up costs but it does produce a lot of consistent base load power which is why some countries still keep choosing it.",,,o0upozs
solar,not_high,energy,0.6660625338554382,middle,Solar panels are not very environmentally friendly to make or dispose of so the costs for that are offloaded in other countries who make the panels,,,lpgdr6g
solar,not_high,Futurology,0.6028801798820496,middle,All those blue water navy ships they building (and their general military build up) ain't gonna run on solar power.,,,oiur1lj
solar,not_high,Futurology,0.37068089842796326,middle,It’s on a kWh basis. The report linked provides levelised cost of energy for solar and storage as well as storage by itself. It’s by lazards who can’t be accused of bias.,,,ng3p3is
solar,not_high,energy,0.34312155842781067,middle,"Solar is cheaper than coal over the medium-long term even now as it’s getting cheaper yearly. He’s doing this to save capital, not the planet.",,,kvr9605
solar,not_high,Futurology,0.45713672041893005,middle,We see the biggest fusion reactor ever built in our solar system when we wake up every morning.,,,l3e1wre
solar,not_high,Futurology,0.44987592101097107,middle,"Political corruption is the main issue. In Spain the national energy company was privatized by the right (after we all payed the infrastructure with our taxes). Now even if the energy is generated cheap with solar, they will charge you the same price and just have extra benefits for their board of investors. People won't benefit from it anymore.",,,l9dbbbd
solar,not_high,climate,0.04890318959951401,low,Nooooooo solar free energy is stupid and and a communist /s,,,lhz15dc
fossil fuels,high,conspiracy,0.8971108794212341,high,"ChemAg and fossil fuels subsidized our caloric needs. In getting rid of so much of the animal/manual labor, and changing the plants to focus solely on yield at the expense of it's hardiness, we have become addicted and are stuck in a death spiral. We use the equivalent of 10 oil ""calories"" for every edible calorie we get out of the ground. We can't transition to renewables because the energy return on energy investment is at best 2:1, but when you add in battery backups, you go below 1:1. Unless you can find a source of cheap energy to subsidize our planet eating, 95% of the population starves. Homo Colossus aka global industrial civilization is in it's death throes as the energy return on energy investment of oil drops nearer and nearer to that ever rising 10:1 number",,,mk9s5hf
fossil fuels,high,climate,0.9993040561676025,high,"It is a solid solution in all of its forms at this point. Even if we did stop burning fossil fuels tomorrow, we would still have billions of tons of carbon in the atmosphere that shouldn't be there. Nature can't take care of it in a reasonable time either. It would still take over 100,000 years at a minimum and is also not likely more to like 300,000 years, and we're already seeing biodiversity collapse now. If we don't invest and get this working, the earth will become near uninhabitable.",,,kqfipsd
fossil fuels,high,energy,0.9344550371170044,high,"I mean, who cares who builds windmills, trump is being dumb here. But windmills are probably the least effective renewable energy. Fossil fuels used to manufacture the metal, transport, and provide maintenance greatly hinder their effectiveness. It takes a lot of resources to create and maintain them, they don’t become truly “renewable” at least till after 20 years. So the ppl here wanking windmills are a little overzealous.",,,m5fqrs5
fossil fuels,high,energy,0.9992735385894775,high,"I referenced that post to point out the difficulties in ramping up of solar production. That is not misinformation, that’s reality. I’m all for solar, don’t presume I’m not. Remember the main reason we are going to solar, to reduce emissions drastically so we don’t see the worst effects of c02 driven climate change. We are already seeing those effects though and it’s only going to get worse. So back to my main point, we need to transition quickly and that is not easy. Even then fossil fuels will still play a role in producing renewables in the first place, think about how the components are made, the machines used to make them, the plastic used, the energy. All needs oil, these solar panels don’t materialise out of thin air and will take massive amounts of fossil fuels to get to the end state we want. I guess my point is it needs much more investment, regulation and a drive to get there to make a a meaningful difference as soon as possible. Wishful thinking is not going to do it.",,,ncfodp2
fossil fuels,high,climate,0.998835027217865,high,">Exxon Mobil Corp. CEO Darren Woods told editors from Fortune that the world has “waited too long” to begin investing in a broader suite of technologies to slow planetary heating. Yeah, thanks to fossil fuel industry disinformation campaigns. >Since taking over from former CEO Rex Tillerson, Woods has walked a tightrope between acknowledging the critical problem of climate change — as well as the role of fossil fuels in helping drive it — while insisting fossil fuels must also provide the solution. It's pretty obvious that the energy to construct *the energy transition* is from fossil fuels: >>Focus should be put instead on net-energy transition and wise energy consumption. But what needs to come with that is: 1. fossil industry made into non-profit 2. serious rationing of fossil energy across all layers and planning >Woods made a forceful case for carbon capture and storage, a technology in which the planet-heating chemicals released by burning fossil fuels are collected and stored underground. Ah, yes, the regenerative grazing grift of the coal sector. What he really meant was that they would certainly not pay to fund such power plant adaptations. Really though, these are promoted to keep Business As Usual. So such changes would have to be accompanied by what I mentioned before regarding profits and rationing, because of this: >But the remaining question is how much carbon capture will be needed, which depends on the future role of fossil fuels. Fake solutions create incentives/excuses for business as usual. >While this technology is feasible, it is very expensive — particularly in a paradigm in which new renewables already outcompete fossil fuels on price. Yeah, they want more subsidies. >He noted that capturing and storing current fossil fuel emissions would require a thousand-fold leap in annual investment from $4 billion in 2022 to $3.5 trillion. ... >In his comments Tuesday, Woods argued the “dirty secret” is that customers weren’t willing to pay for the added cost of cleaner fossil fuels. Oh, nobody wants to pay. But demand needs to be destroyed. >“People can’t afford it, and governments around the world rightly know that their constituents will have real concerns,” he added. And those concerns would be real serious if they were coming after actually trying to reduce fossil fuel use, instead of more Business As Usual. But it's fairly clear by now that the fossil fuel *PR* is heavy into promoting more fossil fuel addiction, not less. >For example, he said Exxon “could, today, make sustainable aviation fuel for the airline business. But the airline companies can’t afford to pay.” Good, end flying. >Woods blamed “activists” for trying to exclude the fossil fuel industry from the fight to slow rising temperatures, even though the sector is “the industry that has the most capacity and the highest potential for helping with some of the technologies.” Yeah, it's like trying to exclude the Fire Demon from the fight against global fire. They can help after becoming non-profit, to make it clear that their allegiance isn't to the private interest of sociopaths. >Carbon capture is “an answer in search of a question,” Gregory Nemet, a public policy professor at the University of Wisconsin, told The Hill last year. The question is: ""how can we throw more subsidies at the fossil fuel industry?"" >This spring, the Securities and Exchange Commission (SEC) will release its finalized rule on companies’ climate disclosures. >That much-anticipated rule will weigh in on the key question of whose responsibility it is to account for emissions — the customer who burns them (Scope II), or the fossil fuel company that produces them (Scope III). Note that everyone promoting a carbon tax on Scope II is allied in this sense with the fossil fuel industry. >Exxon has long argued for Scope II, based on the idea that it provides a product and is not responsible for how customers use it. Their PR says otherwise. How many car fuel ads promote their products? >Last week, Reuters reported that the SEC would likely drop Scope III, a positive development for the companies. Of course, of course. Most legal systems under capitalism are meant to protect private capital. Anything less would be revolutionary, and judges don't start revolutions, they end them. >Woods argued last year that SEC Scope III rules would cause Exxon to produce less fossil fuels — which he said would perversely raise global emissions, as its products were replaced by dirtier production elsewhere. That's what international treaties are for. He's not saying that part. It's just more neoliberal capitalism: ""race to the bottom"" of regulations... to no regulations, because that's how they imagine international harmonization of rules (literally: no rules). >This broad idea — that fossil fuels use can only be cleaned up on the “demand side” — is one some economists dispute. Again, they don't want that either, as measured by their consistent war on efforts for educating people, for trying to invest away, for trying to plan for non-fossil-fuel dependence. Bad fossil faith arguments. A drop in demand, forced somehow, would lead to loss of profits and lots of troubled investors and shareholders, along with plenty of bank drama. They don't want either. They say it's the good path, but they'll be screaming for bailouts (bailouts = less money for other necessary things). >For the U.S. to decarbonize in an orderly fashion, “restrictive supply-side policies that curtail fossil fuel extraction and support workers and communities must play a role,” Rutgers Univresity economists Mark Paul and Lina Moe wrote last year. Sure, it's already clear that there's fossil populism around. Curtailing demand would have the same effects. We can see that in the West with the auto-worker unions defending the fossil-fuel interest. And the same with owner-operator truck drivers and Big Ag farmers. Fossil fuel use has to go down and that means capital must be destroyed, there have to be losers, both investors and workers. They're in the same position that horse-drawn carriage drivers were a century ago, that whale hunters (for oil) were a century ago, that telephone operators were half a century ago. What support looks like is making sure that people don't end up in poverty and that they can learn new skills, so let's start with that. >“People who are generating the emissions need to be aware of [it] and pay the price,” Woods said. >“That’s ultimately how you solve the problem.” That's one way of achieving demand destruction, yes. But it's not a good way, especially since it's sending money to the fossil fuel industry, and they use that to invest in more fossil fuel extraction.",,,ksnufti
fossil fuels,high,energy,0.9762200117111206,high,"We forget that oil is the largest traded commodity in the world. Most of which is done in U.S. dollars. If countries diversify from oil, the dollar will fall. Diversifying from oil is necessary but one can see why the U.S. is fighting tooth and nail to preserving it and why China is marching to a future less dependent on fossil fuels.",,,o6ziijv
fossil fuels,high,climate,0.7932661771774292,high,We're like 70 years after the industrialization of *stuff made from or with fossil fuels* and you still don't know about induced demand?,,,kcim623
fossil fuels,high,climatechange,0.9165214896202087,high,"This is great, but has thus far not replaced CO2 emissions at all. See Jevon's Paradox. The more renewables available, the more consumption increases, they simply augment rather than replace fossil fuels. Fossil Fuel use is in fact increasing as well.",,,m92kgvb
fossil fuels,high,energy,0.9954238533973694,high,"# Europe's Stubborn Transport Emissions Finally Reducing Due to the Rise of EVs, with Energy Security Bonus After more than three decades of rising pollution, Europe's most problematic emissions sector is finally showing signs of progress. Transport - the only sector still producing more CO2 than in 1990 - has begun a structural decline thanks to the rapid adoption of electric vehicles, delivering both climate and energy security benefits. New analysis from Transport & Environment reveals that Europe's transport emissions dropped by 5% between 2019 and 2024, falling from 1.1 billion tonnes to 1.05 billion tonnes of CO2. This marks a historic turning point for a sector that has consistently lagged behind the decarbonisation achievements of electricity generation, industry, and buildings. ## Breaking the Stubborn Emissions Pattern Transport has been Europe's climate villain for decades. While other economic sectors successfully reduced their carbon footprint, transport emissions kept climbing year after year, driven by increasing car ownership, freight volumes, and aviation growth. This persistent upward trend made transport responsible for around a third of EU pollution - a frustrating barrier to achieving climate targets. **The breakthrough:** Electric vehicles are now delivering the emissions reductions that have proved elusive for so long. This year alone, the EV revolution will prevent 20 million tonnes of CO2 from entering the atmosphere - equivalent to taking eight coal power plants offline. ""The EU's green policies are beginning to bite. Thanks to the switch to EVs, we are starting to see a structural decline in transport emissions,"" explains William Todts, executive director at Transport & Environment. This isn't just a temporary dip - it represents a fundamental shift in how Europe moves people and goods. ## The Electric Transformation Accelerates The scale of change is remarkable. Battery electric vehicles will reach 8.8 million units on European roads this year, with one in five new cars sold producing zero tailpipe emissions. This mainstream adoption reflects how EVs have evolved from expensive novelties to practical alternatives for ordinary drivers. The transformation has been driven by smart policy design. EU CO2 standards for cars provided manufacturers with clear, predictable targets, encouraging massive investments in electric production lines. Meanwhile, plummeting battery costs have made EVs increasingly affordable, with 2025 set to see more mass-market electric models hitting showrooms. Cars represent the biggest opportunity within transport, generating 450 megatonnes of CO2 annually - 13% of total EU emissions. The shift to electric power directly tackles this largest source of transport pollution. **The multiplier effect:** Battery electric vehicles are already three times cleaner than petrol cars, and this advantage grows as Europe's electricity grid becomes increasingly powered by wind and solar energy. Every EV on the road gets progressively cleaner over its lifetime. ## Double Dividend: Climate and Energy Security The EV revolution delivers benefits far beyond emissions reduction. Europe's heavy dependence on fossil fuel imports represents both a climate challenge and a massive energy security vulnerability. The continent imports 96% of its crude oil and 90% of its natural gas - often from autocratic regimes and at enormous expense. ""Europe is slowly releasing itself from its dependence on oil, but we are still spending hundreds of billions on imports from overseas powers,"" notes Todts. Electric vehicles powered by domestic renewable energy offer a pathway to energy independence. Every barrel of oil replaced by clean electricity generated within Europe strengthens the continent's strategic autonomy while reducing emissions. This energy security dimension has become increasingly important given geopolitical tensions and volatile fossil fuel markets. The more transport runs on domestic clean electricity, the less Europe remains hostage to global oil price shocks and supply disruptions. ## Infrastructure Reality Check Despite persistent concerns about charging availability, the analysis shows European infrastructure has successfully kept pace with EV adoption. The continent now has more than 1,100 charging points, exceeding the EU's 2025 target three years early. Highway charging coverage has improved dramatically, with 11 countries meeting the requirement for charging points every 60 kilometres along major routes. Leading cities like Oslo, Amsterdam, Copenhagen, Brussels, and Ljubljana demonstrate how urban charging networks can support mass EV adoption. The EU's infrastructure regulation continues driving investment, ensuring charging availability won't constrain the electric transition. ## Challenges Remain in Sky and Sea While road transport shows clear progress, Europe's skies and seas tell a more troubling story. Aviation emissions surged nearly 10% last year to 143 million tonnes of CO2, while shipping remains stuck at 195 million tonnes of CO2 equivalent. Both sectors remain heavily dependent on fossil fuels, undermining the emissions reductions achieved on roads. However, their inclusion in the EU's carbon market generated an estimated €5 billion in 2024 - funds that could finance the development of green e-fuels and accelerate decarbonisation in these harder-to-electrify sectors. ## Production Puzzle The EV success story isn't complete. Manufacturing the vehicles themselves remains highly polluting, with production of 10 million new vehicles annually generating around 50 million tonnes of CO2 emissions before considering battery production. The biggest emission hotspots are batteries, aluminium, and steel production. Addressing these upstream emissions through green steel and recycled materials represents the next frontier for maximising EVs' climate benefits. ## Maintaining Momentum With clear evidence that electric vehicle policies work, the imperative is to accelerate rather than retreat. ""Now is not the time to roll back green measures,"" emphasises Todts. ""For the continent's prosperity and security, now is the time to double down."" The 5% reduction in transport emissions represents just the beginning. As EV adoption continues its exponential growth, charging infrastructure expands, and electricity grids become cleaner, the climate and energy security benefits will compound. After decades of frustration with stubborn transport emissions, Europe finally has proof that the sector can change direction. The challenge now is maintaining policy support and investment momentum to ensure this historic shift accelerates rather than stalls. The prize is substantial: a transport sector that strengthens rather than undermines climate goals while reducing dependence on volatile fossil fuel imports. The electric revolution shows this transformation is not just possible - it's already happening.",,,mwgy70i
fossil fuels,high,climatechange,0.7897206544876099,high,"No idea. But we know the CO2 increase of today is due to our emissions, based on isotope ratios -- the carbon atoms are the type that come from fossil fuels, not the type from plants or from volcanos. It's not some natural process the same as might have happened in the past. It's us.",,,lndcb2x
fossil fuels,not_high,energy,0.5834407806396484,middle,"You're right. $7 trillion is for all fossil fuels, not just oil.",,,lp7871x
fossil fuels,not_high,energy,0.5672774910926819,middle,"Apparently!... Hydrgen technology makes sense and is a logical progression from ""fossil fuels "" as total EVS is but a mere pipe dream ..for the delusional",,,kbxrtwe
fossil fuels,not_high,climate,0.13283763825893402,low,"I'm not a Canadian, but I've seen (and posted) enough stories about Danielle Smith to wonder how this can be considered a betrayal. She's long been in favor of anything that increases the usage of fossil fuels, so this is completely in character for her.",,,oixmlr9
fossil fuels,not_high,climate,0.6010082364082336,middle,">I began by trying to discover whether or not a widespread belief was true. In doing so, I tripped across something even bigger: an index of the world’s indifference. I already knew that by burning fossil fuels, gorging on meat and dairy, and failing to make even simple changes, the rich world imposes a massive burden of disaster, displacement and death on people whose responsibility for the climate crisis is minimal. What I’ve now stumbled into is the vast black hole of our ignorance about these impacts.",,,nq026zs
fossil fuels,not_high,climatechange,0.6388352513313293,middle,"Honestly it doesn’t make sense. The effort needed to build such a thing in the first place and all the fossil fuels consumed in construction, manufacturing, etc would be very counterproductive. Massive amounts of water and energy would be needed to maintain that pyramid. Glass cleaners would need to clean it regularly. Maintenance in general will be very high. If there’s even just ONE person driving there everyday for work, it would probably be enough to to offset the captured carbon. There is also a limit as to how high you can build a pyramid like this. It wouldn’t be big at ALL compared to the surface area of a country, so even if you could build it in a carbon neutral way, it wouldn’t make a difference. My suggestion would be planting climate resilient forests, with water management structures like swales built in. We need pioneer species! And we need invasive species (to an extent)! They are already adapted to rougher conditions and thrive in the current climate conditions. Humans ripping out invasives to make room for natives that will not have habitable conditions anymore in 100 years does not make sense to me. Tree of heaven for example and Paulownia are excellent carbon sinks. We should be establishing huge mixed forests and, interplanted with edible trees. TOH can be excellently pollarded and the new shoots are plentiful. They can be used as fuel to cook food or heat houses (in a carbon negative way)",,,luzsj3g
fossil fuels,not_high,climatechange,0.29665425419807434,low,"That’s a great question, and it’s smart of you to want to check what you’re being told instead of just accepting it. Here’s a clear way to think about it: 1. Yes, it is true that the Earth’s climate has always been changing, but scientists already take that into account. Technically, it is true that Earth has gone through ice ages and warm periods long before humans existed. Those changes happened because of natural factors in God's design, like: Shifts in Earth’s orbit and tilt (Milankovitch cycles) Changes in solar activity Volcanic eruptions Plate tectonics affecting ocean currents So yes— it is true that climate has naturally changed over time. 2. But the current warming is different. What’s happening now isn’t following those slow, natural cycles that God originally created. The big differences are: Speed: Past natural changes took thousands to millions of years. The warming since the Industrial Revolution (about 150 years) is happening extremely fast. Cause: Scientists can measure the exact gases in the atmosphere. Carbon dioxide (CO₂) and methane (CH₄) have risen sharply since humans started burning coal, oil, and gas. These gases trap heat—this is basic physics, not opinion. 3. How much is caused by humans? The overwhelming scientific consensus is: More than 100% of the warming since 1850 is human-caused. I know that sounds weird. How can it be more than 100%. But here’s why: natural factors (like solar cycles and volcanoes) would have led to a slight cooling in recent decades. The fact that we are warming instead means that human activity (burning fossil fuels, deforestation, industrial pollution) has more than outweighed those natural effects. For example: NASA, NOAA, the IPCC, and over 97% of climate scientists agree that the recent warming trend is driven mainly by humans. Without human greenhouse gas emissions, the Earth would probably be slightly cooler right now. 4. Why do some textbooks downplay this? Certain Christian or conservative curriculum providers (like BJU Press, A Beka, etc.) often frame climate change as mostly natural, partly because they want to align science with a particular worldview that emphasizes God’s control over creation and skepticism toward secular science. But the actual data collected by satellites, ice cores, tree rings, and direct measurements strongly shows the fingerprints of human activity. So the short answer is: Yes, Earth’s climate has changed naturally in the past. But the rapid warming of the past 150 years is overwhelmingly caused by humans. The best evidence shows that almost all of today’s warming is human-driven, NOT by the natural cycles designed or initiated by God. Unfortunately, we are going to suffer the consequences of how we conduct our lives if we don't make some changes in favor of nature.",,,ngrljea
fossil fuels,not_high,Futurology,0.16424818336963654,low,China isn't investing in renewable energy for ideological reasons. Rather because China has to import the majority of its oil from the Middle East (which as we can see at the moment can be quite unreliable source). China's main goal however is economic growth and fossil fuels are relatively cheap,,,oisyzqp
fossil fuels,not_high,energy,0.6437773108482361,middle,Fossil president likes fossil fuels.,,,odej6f1
fossil fuels,not_high,energy,0.32874491810798645,middle,We already have fossil fuels for that,,,nmyc165
fossil fuels,not_high,climatechange,0.13352817296981812,low,"So going back to your original claim: > It's a thermodynamic dead end. We get energy from burning fossil fuels. Reversing that process (pulling CO2 out of the air and locking it underground) demands energy. In fact, it takes more energy to reverse the process than we get from burning the fuels in the first place. Does separating co2 from the atmosphere and reinjecting it into wells take more energy than burning the fuel produced in the first place? Or are you going to continue tying yourself up in knots with lies?",,,mi87mne
