word,target,train_support,train_confidence,train_lift,test_word_count,test_joint_count,test_confidence,test_lift
solar,high,0.03125194546473262,0.8175895765472313,2.381744898091798,171,139,0.8128654970760234,2.3631699997078113
renewables,high,0.012513229160181783,0.7944664031620552,2.3143840830598643,50,46,0.92,2.674632405424697
fuels,high,0.014692149660710951,0.7840531561461794,2.284048938552064,81,64,0.7901234567901234,2.2970541324098304
fossil fuels,high,0.013073523003174999,0.7806691449814127,2.274190873383466,73,58,0.7945205479452054,2.3098373959891663
fossil,high,0.02272302807694702,0.7620041753653445,2.219817386451492,145,109,0.7517241379310344,2.1854192817937923
wind,high,0.017057834775571188,0.7527472527472527,2.1928507654840623,77,59,0.7662337662337663,2.2276018057602642
electricity,high,0.012201954802963332,0.736842105263158,2.146516999790008,64,50,0.78125,2.271257137758744
coal,high,0.012699993774512856,0.723404255319149,2.1073707931069077,72,52,0.7222222222222222,2.099651042905861
fuel,high,0.016871070161240117,0.6966580976863753,2.0294557531984485,114,80,0.7017543859649122,2.0401467623376783
emissions,high,0.018489696818776068,0.6765375854214122,1.9708420809982123,118,76,0.6440677966101694,1.8724397827217845
energy,high,0.041586254124385234,0.656188605108055,1.9115628516232657,259,166,0.640926640926641,1.8633077862199918
carbon,high,0.01842744194733238,0.6534216335540839,1.9035023031881118,123,79,0.6422764227642277,1.867231884310278
cost,high,0.015190188632260475,0.6387434554973822,1.8607428592046518,97,62,0.6391752577319587,1.8582161489951947
production,high,0.009338230716553571,0.617283950617284,1.7982285271609417,82,47,0.573170731707317,1.6663271878971464
industry,high,0.010209798916765237,0.6096654275092938,1.7760347773089926,71,34,0.4788732394366197,1.3921846568346552
gas,high,0.015376953246591546,0.602439024390244,1.7549833240443395,119,75,0.6302521008403361,1.832274665754953
